Date,Precipitation,Snowfall,Avg. Max Temp,Avg. Min Temp,Avg. Mean Temp
Sep-70,5.27,0,77.7,54.3,65.7
Oct-70,3.21,0,65.2,43.5,54.4
Nov-70,2.63,0,47.1,32.7,39.9
Dec-70,1.52,M,38.8,22.7,30.8
Jan-71,1.24,M,28.8,9.8,19.3
Feb-71,1.83,M,34.6,18.6,26.6
Mar-71,0.68,M,42.6,23.9,33.2
Apr-71,1.07,0,61.4,33.5,47.5
May-71,4.03,0,69.7,43.7,56.7
Jun-71,2.65,0,85.5,60.7,73.1
Jul-71,2.81,0,82.4,57,69.7
Aug-71,0.89,0,83.5,55.1,69.3
Sep-71,4.29,0,77.3,55.8,66.5
Oct-71,2.84,0,70.1,48.6,59.3
Nov-71,1.31,0,48.9,31,39.9
Dec-71,4.14,0,43.3,27.6,35.5
Jan-72,0.9,M,33.5,15.4,24.5
Feb-72,0.52,M,35,16,25.5
Mar-72,2.97,2.5,45.6,25.2,35.4
Apr-72,4.66,0,59.6,35.5,47.5
May-72,3.78,0,73.3,47.9,60.7
Jun-72,2.62,0,77.4,51.3,64.4
Jul-72,5.52,0,82.5,59.9,71.2
Aug-72,3.33,0,80.9,59.5,70.2
Sep-72,7.11,0,74.4,54.8,64.6
Oct-72,2.9,0,57.7,39.5,48.6
Nov-72,4.21,3,42.8,32.8,37.8
Dec-72,2.08,M,35.1,22.3,28.7
Jan-73,1.11,2.5,36.5,20.5,28.5
Feb-73,1.26,M,35.5,18.6,27.1
Mar-73,3.48,0,53.9,35.8,44.8
Apr-73,2.86,2,58.4,40.4,49.1
May-73,3.78,0,66.4,46.2,56.5
Jun-73,4.76,0,81.3,60,70.7
Jul-73,5.81,0,83.6,60.4,72
Aug-73,3.09,0,82.3,60.1,71.2
Sep-73,1.74,0,76.9,53,64.9
Oct-73,M,M,M,M,M
Nov-73,2.67,0,51.3,34.7,42.9
Dec-73,3.47,21,34.7,20.2,27.5
Jan-74,2.4,M,33.2,17.9,25.5
Feb-74,1.9,12,34.1,17.5,25.8
Mar-74,4.09,4.8,47.9,29.3,38.6
Apr-74,2.14,1.2,63,39,51
May-74,3.93,0,67.9,44.5,56.2
Jun-74,2.84,0,76.6,53.9,65.3
Jul-74,1.18,0,86.2,59.7,73
Aug-74,1.55,0,83.6,56.5,70.1
Sep-74,2.32,0,72.6,47.1,59.8
Oct-74,0.98,0,63.3,38,50.7
Nov-74,3.11,5,48.2,32.7,40.5
Dec-74,2.49,8.8,35.5,24.2,29.8
Jan-75,2.6,3.5,36.3,22.5,29.4
Feb-75,2.61,4.1,33.8,20.1,26.9
Mar-75,1.63,M,43.1,24.6,33.9
Apr-75,4.61,0,53.9,32.1,43
May-75,5.1,0,75,51.5,63.3
Jun-75,8.28,0,79.7,58.8,69.3
Jul-75,1.21,0,83.4,58.5,70.9
Aug-75,4.82,0,82.6,62.3,72.5
Sep-75,2.61,0,68.7,49.2,59
Oct-75,1.37,0,67,41.4,54.2
Nov-75,3.52,6,55,36.9,46
Dec-75,2.32,12.1,37.7,23.2,30.4
Jan-76,1.71,10.5,28.7,11.7,20.2
Feb-76,3.48,0.8,45.4,22.5,33.9
Mar-76,4.1,3,55.3,31.1,43.2
Apr-76,2.23,0,64.6,36.2,50.4
May-76,3.03,0,69.6,45.1,57.3
Jun-76,4.14,0,80.8,58.3,69.6
Jul-76,4.12,0,83.6,60.3,72
Aug-76,1.27,0,80.8,54.8,67.8
Sep-76,3.89,0,74.4,48.5,61.4
Oct-76,2.03,0,57,36.2,46.6
Nov-76,1.18,0,42.5,24.4,33.4
Dec-76,0.67,7.8,31.2,11.7,21.4
Jan-77,0.92,M,19.4,1.5,10.4
Feb-77,1.66,5,34.5,17,25.8
Mar-77,5.01,10.5,53,33.6,43.3
Apr-77,4.29,0,68.1,41.3,54.7
May-77,0.82,0,80.1,51.7,65.9
Jun-77,7.85,0,78.5,53.2,65.8
Jul-77,2.75,0,85.5,61.5,73.5
Aug-77,4.13,0,80,57.9,69
Sep-77,5.24,0,74.9,54,64.6
Oct-77,1.97,0,60.9,37.9,49.4
Nov-77,2.78,6,48.2,32.8,40.5
Dec-77,3.19,M,33.2,15.9,24.6
Jan-78,2.85,26,25.3,8.5,16.7
Feb-78,0.21,4,25.7,1,13.4
Mar-78,2.52,2,40.3,19.7,30
Apr-78,4.18,0,61,35.6,48.3
May-78,2.63,0,70,48.3,59.1
Jun-78,3.37,0,80.3,56.4,68.3
Jul-78,3.83,0,82.1,59,70.5
Aug-78,5.26,0,81.3,58.4,69.8
Sep-78,1.58,0,80,54.7,67.3
Oct-78,1.48,0,61.3,40.5,50.9
Nov-78,2.75,3,51.2,31.8,41.5
Dec-78,3,M,38.8,22,30.4
Jan-79,2.28,14,25,9.9,17.5
Feb-79,0.35,7,25.1,6.3,15.8
Mar-79,3.25,0,48.8,30.2,39.5
Apr-79,2.41,0,57,36.1,46.5
May-79,2.57,0,70.8,46.4,58.6
Jun-79,2.56,0,80.3,56.9,68.6
Jul-79,3.96,0,82.6,59.3,70.9
Aug-79,5.25,0,79,60.7,69.9
Sep-79,0.11,0,76.7,51.7,64.2
Oct-79,2.16,0,61.1,42.2,51.6
Nov-79,3.83,0,48.6,32.7,40.7
Dec-79,2.75,0,40.8,25.8,33.3
Jan-80,0.73,3.7,31.9,18.1,25
Feb-80,0.95,17,30.1,12.8,21.5
Mar-80,3.56,0,42,25.3,33.6
Apr-80,3.21,0,57.5,37.6,47.6
May-80,3.42,0,73.1,48.8,61
Jun-80,4.08,0,78.3,54.4,66.3
Jul-80,6.09,0,85.6,63.7,74.6
Aug-80,5.26,0,83.4,63.8,73.6
Sep-80,3.45,0,76.9,53.9,65.4
Oct-80,2.09,0,59.8,37.6,48.7
Nov-80,0.93,2,48.3,30.5,39.4
Dec-80,2.35,11,35.5,20.5,28
Jan-81,0.1,M,29.4,11.1,20.2
Feb-81,2.2,18,36.8,20,28.4
Mar-81,0.35,M,48.3,28,38.2
Apr-81,5.46,0,63.2,42.2,52.7
May-81,3.69,0,68.3,46.3,57.3
Jun-81,9.65,0,80.3,59.6,70
Jul-81,4.55,0,82.8,62.4,72.6
Aug-81,2.02,0,81.4,59.2,70.3
Sep-81,5.4,0,72.9,52.7,62.8
Oct-81,3.34,0,60.1,37.4,48.7
Nov-81,1.43,1.5,50.8,31.6,41.2
Dec-81,2.12,14,34.4,20.1,27.2
Jan-82,3.29,30,22.9,5.5,14.2
Feb-82,1.04,9,30.4,13.4,21.9
Mar-82,3.51,8,43.5,25.4,34.5
Apr-82,2.17,5,54.4,31.8,43
May-82,3.8,0,77.5,52.8,65.1
Jun-82,4.7,0,76.5,54.1,65.5
Jul-82,4.83,0,84,62.7,73.3
Aug-82,1.68,0,80.6,58,69.3
Sep-82,2.74,0,74.6,51.8,63.2
Oct-82,1.03,0,66.7,41.9,54.3
Nov-82,5.61,0,49.7,35.9,43.1
Dec-82,4.17,0,45.6,31.6,38.6
Jan-83,0.59,0,35.1,22.9,29
Feb-83,0.5,M,41.5,23.3,32.4
Mar-83,1.72,10.5,50.1,29.9,40
Apr-83,5,0,55.1,36.3,45.7
May-83,4.91,0,68.4,44.5,56.4
Jun-83,3.39,0,81.6,56.8,69.2
Jul-83,2.51,0,87.9,65.1,76.5
Aug-83,1.09,0,88.3,63.5,75.9
Sep-83,3.46,0,79.2,51.7,65.5
Oct-83,3.49,0,64.3,43.3,53.7
Nov-83,3.14,0,52.5,34.2,43.3
Dec-83,3.25,19.5,26.5,12.6,19.6
Jan-84,0.87,2.5,26.1,9.9,18
Feb-84,0.86,M,43.8,25.6,35.1
Mar-84,2.78,0.3,37.8,20.7,29.5
Apr-84,4.02,0,57.4,37.8,47.6
May-84,5.06,0,67.9,43.7,55.8
Jun-84,0.87,0,83.7,58.9,71.3
Jul-84,3.87,0,83.5,58.2,71
Aug-84,1.08,0,84.9,60.4,72.7
Sep-84,4.8,0,73.5,52,62.8
Oct-84,3.18,0,66.5,47.4,57.3
Nov-84,2.79,0,51.5,30.7,41.2
Dec-84,3.07,M,43.4,26.5,34.6
Jan-85,2.12,M,26.8,12.3,19.6
Feb-85,2.94,M,32.6,14.9,23.6
Mar-85,6,M,51.4,30.7,41
Apr-85,1.78,0,67.6,42.8,55.2
May-85,1.73,0,77.4,49.8,63.4
Jun-85,3.11,0,78.9,54.3,66.6
Jul-85,2.2,0,85.6,60.2,72.9
Aug-85,8.14,0,80.5,58.1,69.3
Sep-85,4.1,0,75.8,54.3,65.1
Oct-85,4.11,0,64.6,45.3,55
Nov-85,5.69,3.5,50.2,36.7,43.5
Dec-85,1.58,0,29.8,12.6,21.1
Jan-86,0.32,M,34.6,18.2,26.4
Feb-86,1.22,12.5,35.2,19.6,27.2
Mar-86,M,M,M,M,M
Apr-86,M,M,M,M,M
May-86,M,M,M,M,M
Jun-86,M,M,M,M,M
Jul-86,M,M,M,M,M
Aug-86,M,M,M,M,M
Sep-86,3.57,0,78.1,58.9,68.4
Oct-86,4.8,0,64.5,43.9,54.1
Nov-86,2.16,3,45,30,37.9
Dec-86,1.8,0,37.7,25.7,31.9
Jan-87,3.2,M,33.3,18,25.7
Feb-87,0.3,M,40.4,21.4,31.6
Mar-87,0.7,0,53,29.5,40.9
Apr-87,1.56,0,64.9,38.5,51.7
May-87,5.33,0,77.2,51.4,64.3
Jun-87,3.54,0,83.9,60.5,72.2
Jul-87,1.75,0,85.1,64.1,74.6
Aug-87,3.96,0,84,61.3,72.5
Sep-87,3.02,0,76,54.3,65.2
Oct-87,2.18,0,58,36.1,47.1
Nov-87,M,M,M,M,M
Dec-87,M,M,M,M,M
Jan-88,M,M,M,M,M
Feb-88,M,M,M,M,M
Mar-88,M,M,M,M,M
Apr-88,M,M,M,M,M
May-88,M,M,M,M,M
Jun-88,0.46,0,87.2,56.2,71.7
Jul-88,3.07,0,89.4,60.3,75
Aug-88,2.01,0,88.1,62.9,75.5
Sep-88,M,M,M,M,M
Sep-89,5.59,0,72.9,51,62.1
Oct-89,1.82,5,65.1,40.4,52.8
Nov-89,2.1,1.5,47.8,30.6,39.1
Dec-89,1.31,7.7,24.5,8.8,16.6
Jan-90,2.1,0.8,41.7,27.4,34.5
Feb-90,5.94,10.5,41.4,24.7,33.1
Mar-90,2.82,0.8,50.8,32.3,41.5
Apr-90,2.61,0.5,60,38.6,49.3
May-90,5.55,0,68,46.5,57.2
Jun-90,6.14,0,80.4,58.5,69.4
Jul-90,5.97,0,82.1,61.5,71.8
Aug-90,7.31,0,80.3,58.8,69.5
Sep-90,3.17,0,74.8,55,64.9
Oct-90,4.9,0,64.4,40.3,52.3
Nov-90,3.25,0,54.4,34.3,44.4
Dec-90,6.23,11.9,40.6,23.3,32
Jan-91,1.41,8.9,31.1,17.9,24.5
Feb-91,1.16,8.4,39.6,23.9,31.7
Mar-91,2.32,3.7,51.4,31.1,41.3
Apr-91,5.66,0,62.6,42.5,52.5
May-91,4.84,0,78.2,54.8,66.5
Jun-91,1.11,0,84.8,60.5,72.7
Jul-91,2.84,0,86.2,62.2,74.2
Aug-91,4.27,0,82.8,60.5,71.5
Sep-91,1.79,0,75.2,49.6,62.4
Oct-91,6.98,0,M,M,M
Nov-91,2.87,2.6,45.1,29.7,37.4
Dec-91,1.42,2.3,39.9,25.5,32.9
Jan-92,1.61,10.4,34.9,21.9,28.7
Feb-92,1.2,2.5,40.6,26.7,33.6
Mar-92,2.84,11.9,48.5,27.7,38.1
Apr-92,3.32,0,58.1,37.7,47.9
May-92,2.92,0,70.4,47.1,58.9
Jun-92,2.63,0,75.8,52.7,64
Jul-92,5.67,0,79,60.8,69.9
Aug-92,1.74,0,77.2,56.6,66.9
Sep-92,6.32,0,71.8,52.2,61.8
Oct-92,1.82,2.7,65.9,44.3,55.1
Nov-92,6.68,1.7,45.7,34.8,40.2
Dec-92,3.45,8.7,37.3,25.6,31.5
Jan-93,4.6,9.2,34.2,22.1,28.1
Feb-93,1.71,18.8,33.1,15.3,24.2
Mar-93,2.74,10.5,41.4,27.2,34.3
Apr-93,3.75,1.2,57.7,37.8,47.7
May-93,2.73,0,73.6,48.8,61.2
Jun-93,5.73,0,76.9,57.4,67.1
Jul-93,3.03,0,83.9,65.1,74.5
Aug-93,3.63,0,83.3,61.3,72.3
Sep-93,5.79,0,69.4,51.3,60.3
Oct-93,2.35,0,61.2,37.9,49.5
Nov-93,3.32,1.2,47.7,30.9,39.3
Dec-93,0.92,3.6,35.2,23.3,29.3
Jan-94,2.68,18.9,25,8.6,16.8
Feb-94,1.02,13.8,33.8,13,23.4
Mar-94,1.51,2.1,48,28.5,38.3
Apr-94,6.69,9,64.5,39.9,52.2
May-94,1.41,0,71.1,44.4,57.7
Jun-94,4.82,0,84,58.6,71.3
Jul-94,4.24,0,82.5,60.8,71.5
Aug-94,2.14,0,79.7,57.7,68.7
Sep-94,0.95,0,76.3,51.5,63.9
Oct-94,1.19,0,66.1,42.4,54.3
Nov-94,3.5,0.3,54.5,35.3,44.9
Dec-94,3.1,0.7,41.6,28.5,35
Jan-95,2.65,12.6,33.4,19,25.6
Feb-95,0.95,2.7,35.2,18.1,26.7
Mar-95,2.18,0.5,52.4,29.4,40.9
Apr-95,4.83,0.7,59,35.2,47.1
May-95,4.51,0,70.4,47.6,59
Jun-95,3.98,0,82.1,59.5,70.8
Jul-95,1.57,0,85,63.6,74.3
Aug-95,5.94,0,85.8,67.2,76.5
Sep-95,2.69,0,74,49.4,61.7
Oct-95,3.73,0,65.4,43.4,54.4
Nov-95,2.6,3.7,43.8,26.6,35.2
Dec-95,0.93,9.4,31.7,17.5,24.3
Jan-96,2.24,11.5,31.7,15.8,23.8
Feb-96,1.12,2.3,37.7,19.7,28.7
Mar-96,1.52,7.1,43.8,21.9,32.9
Apr-96,4.84,1.4,59.3,34.9,47.1
May-96,8.61,0,68.2,47.7,58
Jun-96,5.3,0,80.8,60.8,70.8
Jul-96,3.74,0,81.6,58.4,70
Aug-96,4.34,0,82.8,60.8,71.8
Sep-96,2.43,0,73.3,53.4,63.4
Oct-96,2.2,0,65,42,53.5
Nov-96,3.78,8.2,41.1,27.1,34.1
Dec-96,3.38,14.8,36.7,24.8,30.7
Jan-97,2.35,15.5,29.5,12.3,20.9
Feb-97,4.05,6.2,39.1,25.2,32.1
Mar-97,3.9,2.1,50.1,30.3,40.2
Apr-97,1.38,1.2,58.6,33.9,46.3
May-97,5.68,0,65.1,42.5,53.8
Jun-97,3.27,0,79.1,59,69
Jul-97,3.73,0,83.1,60.9,72
Aug-97,5.22,0,77.2,57.9,67.6
Sep-97,5.05,0,73.6,51.2,62.4
Oct-97,1.66,0,62.4,41.2,51.8
Nov-97,2.65,6.4,43.1,30.9,37.2
Dec-97,1.9,10,35.8,25.7,30.9
Jan-98,4.22,4.1,37.1,27.3,32.2
Feb-98,1.9,0.3,44.9,28.7,36.8
Mar-98,5.12,3.7,47.7,31.3,39.5
Apr-98,4.3,0,61.2,38.6,49.9
May-98,2.08,0,77.2,53.5,65.4
Jun-98,5.07,0,80,58.6,69.3
Jul-98,3.96,0,83.9,60.8,72.3
Aug-98,4.54,0,82.6,61.5,72
Sep-98,0.17,0,81.3,55.1,68.2
Oct-98,4.06,0,65.5,44.4,54.9
Nov-98,1.76,0,52.6,34.9,43.8
Dec-98,0.89,0.9,44,26.8,35.3
Jan-99,4.4,23.4,31.7,15.2,23.4
Feb-99,2.4,7.7,43.1,25.7,34.4
Mar-99,1.77,11,45.9,23,34.5
Apr-99,5.87,0,63.3,40.1,51.7
May-99,5.46,0,75.9,49.8,62.8
Jun-99,3.4,0,81.7,59.8,70.8
Jul-99,1.98,0,89,65.8,77.4
Aug-99,2.89,0,80.9,57.9,69.4
Sep-99,2.27,0,79.7,49.4,64.6
Oct-99,1.75,0,62.7,39.7,51.2
Nov-99,0.77,0.4,57.3,34.5,45.9
Dec-99,2.57,2,38.3,23.6,30.9
Jan-00,1.23,9.8,33.2,15.4,24.3
Feb-00,2.03,7.3,42.1,25,33.6
Mar-00,1.99,2.4,56.2,32.8,44.5
Apr-00,3.45,2,60.8,37.3,49
May-00,5.32,0,73.5,51.8,62.6
Jun-00,6.27,0,78,58.8,68.4
Jul-00,1.9,0,80.5,59.4,69.9
Aug-00,4,0,81.6,59.9,70.8
Sep-00,7.27,0,75.1,51.2,63.2
Oct-00,1.92,0,67.1,44.9,56
Nov-00,2.29,1.2,46.9,31.5,39.2
Dec-00,3.46,28,24.6,9.2,16.9
Jan-01,0.98,3.1,32,18.4,25.2
Feb-01,3.11,2.4,38.1,23.4,30.8
Mar-01,0.8,6.4,45.5,26,36
Apr-01,3.52,0,65.8,40.1,53
May-01,2.65,0,73.1,50.5,61.8
Jun-01,4.85,0,77.6,56.6,67.1
Jul-01,3.42,0,83.9,60.7,72.3
Aug-01,6.06,0,83.3,61.9,72.6
Sep-01,3.6,0,72.7,50.5,61.6
Oct-01,8.88,0,62.7,42.5,52.6
Nov-01,2.73,0,57,37.1,47
Dec-01,2.39,0.5,41.5,28.2,34.8
Jan-02,2.54,2.1,41.3,25.7,33.5
Feb-02,1.45,3.8,43.1,24.8,33.9
Mar-02,3.43,13.7,45.3,24.9,35.1
Apr-02,4.17,0,61.7,40.6,51.1
May-02,4.11,0,67.4,45.3,56.3
Jun-02,3.22,0,83,59,71
Jul-02,3.41,0,87.7,63.4,75.5
Aug-02,1.89,0,83.7,61.6,72.7
Sep-02,2.21,0,81.6,55,68.4
Oct-02,1.57,0,60.3,40.7,50.5
Nov-02,2.45,4.8,46.4,32,39.2
Dec-02,1.87,9.5,36.5,22.1,29.4
Jan-03,1.1,12.5,27,13.1,20.1
Feb-03,1.52,12.5,31.9,13.3,22.5
Mar-03,3.04,3.1,51,27.9,39.5
Apr-03,2.43,0,64.9,38.9,51.9
May-03,7.06,0,68.9,49.4,59.2
Jun-03,2.45,0,79.6,56.7,68.5
Jul-03,7.09,0,83.1,61.9,72.5
Aug-03,4.15,0,83.6,62.3,73
Sep-03,7.51,0,74.1,51.8,63
Oct-03,1.94,0,63.7,39.4,51.6
Nov-03,2.82,1.3,54.5,36.3,45.4
Dec-03,2.85,6.1,38.4,26.4,32.4
Jan-04,1.68,17.4,28.7,14.1,21.4
Feb-04,0.54,3.4,37.1,18.7,27.9
Mar-04,2.38,1.9,52.4,34.4,43.4
Apr-04,0.18,0,65.7,40.2,53
May-04,8.42,0,78.1,55,66.6
Jun-04,4.76,0,81.8,59.5,70.7
Jul-04,5.17,0,83.5,62.5,73
Aug-04,3.31,0,80.4,59.3,69.8
Sep-04,0.81,0,81,55,68
Oct-04,1.28,0,65.5,43.9,54.7
Nov-04,4.46,5.5,51.8,37,44.4
Dec-04,3.19,8,39.3,23.9,31.6
Jan-05,5.34,14.9,34,18,26
Feb-05,3.31,12.1,38.7,22.8,30.7
Mar-05,1.78,8.8,46,26,36
Apr-05,1.83,1.6,65.1,39.7,52.4
May-05,1.81,0,71.4,44.9,58.1
Jun-05,1.33,0,86.1,62.1,74.1
Jul-05,5.46,0,86.9,63.8,75.3
Aug-05,1.78,0,85.6,62.6,74.1
Sep-05,3.61,0,82.8,55.8,69.3
Oct-05,0.36,0,64.9,44.6,54.8
Nov-05,3.72,3.2,54,34.8,44.4
Dec-05,2.78,16,30.9,18.8,24.9
Jan-06,3.64,2.2,44.6,31.4,37.8
Feb-06,1.87,2.1,40.1,22.4,31.3
Mar-06,3.29,2.3,49,30.5,39.7
Apr-06,2.35,0,68.4,41.2,54.8
May-06,7.88,0,71.5,49.3,60.4
Jun-06,2.16,0,81.1,58,69.6
Jul-06,4.46,0,85.4,65.3,75.4
Aug-06,3.52,0,83.3,62.5,72.9
Sep-06,2.43,0,72.9,52.1,62.5
Oct-06,6.11,0.1,61.2,41,51.1
Nov-06,3.18,0.2,50.9,35.2,43.1
Dec-06,4.27,1.4,45.2,30.2,37.7
Jan-07,4.13,5.8,37,24.4,30.7
Feb-07,1.57,12.4,26.5,9.8,18.2
Mar-07,3.28,3.7,56.5,32.9,44.4
Apr-07,4.5,5.6,60.5,38.1,49.1
May-07,0.72,0,80.2,51.4,65.8
Jun-07,2.47,0,85.7,60.1,72.9
Jul-07,4.79,0,85.8,60.6,73.1
Aug-07,11.36,0,85.5,63.8,74.7
Sep-07,1.02,0,81.2,54.2,67.7
Oct-07,2.99,0,72.1,50.2,61
Nov-07,3.49,0,48.4,31.7,40
Dec-07,4.87,15.8,35,23,29
Jan-08,4.18,10.2,34.9,18.8,26.9
Feb-08,5.98,23.8,32.7,16.5,24.6
Mar-08,3,4.5,44,26.2,35.1
Apr-08,3.18,0,64.5,39.1,51.8
May-08,2.74,0,69.4,46.9,58.1
Jun-08,4.84,0,80.9,60.3,70.6
Jul-08,3.58,0,82.9,61.3,72.1
Aug-08,1.07,0,82.6,58.2,70.4
Sep-08,6.04,0,77.8,54.5,66.2
Oct-08,1.93,0,62.8,40.1,51.5
Nov-08,1.98,2.5,M,M,M
Dec-08,4.31,8.7,M,M,M
Jan-09,1.15,15.7,21.3,2,11.3
Feb-09,2.56,3.4,38.4,20.3,29.3
Mar-09,6.64,0,52.5,29.1,40.8
Apr-09,6.93,2.6,60.5,38.9,49.7
May-09,4.87,0,70.6,47.1,58.9
Jun-09,3.93,0,77.7,58.9,68.3
Jul-09,3.03,0,76.6,57,66.8
Aug-09,5.18,0,78.1,58.1,68.1
Sep-09,1.89,0,72.5,52.6,62.5
Oct-09,5.42,0,56.8,39.7,48.2
Nov-09,1.24,0,52.9,35.2,44
Dec-09,3.22,8.4,33.8,20.9,27.6
Jan-10,0.68,9.3,28.8,14.4,21.6
Feb-10,1.81,17.4,31.8,17.4,24.6
Mar-10,2.19,0,52.8,30.9,41.8
Apr-10,4.68,0,68.1,41.2,54.3
May-10,9.35,0,73,52,62.5
Jun-10,4.82,0,79.3,61.7,70.5
Jul-10,2.34,0,84.4,64.1,74.2
Aug-10,1.25,0,83.8,62.2,73
Sep-10,1.83,0,76.7,53.4,65
Oct-10,0.45,0,67.4,42.1,54.7
Nov-10,3.66,0,51.9,29.4,40.6
Dec-10,0.83,8.6,30.1,16.8,23.5
Jan-11,1.12,13.7,28.2,13.5,20.9
Feb-11,3.46,29.3,32.4,17.5,24.9
Mar-11,2.55,1.6,45.5,27.4,36.4
Apr-11,7.59,0,59.5,39.3,49.4
May-11,6.55,0,69.1,47.6,58.1
Jun-11,1.32,0,78.9,60.3,69.7
Jul-11,1.57,0,88.5,66.1,77.3
Aug-11,2.69,0,83.4,59,71.2
Sep-11,6.68,0,71.6,52.5,62.1
Oct-11,4.18,0,63.2,40.6,51.9
Nov-11,6.89,6.2,53.7,36.4,45
Dec-11,2.88,4.6,40.6,27.2,33.9
Jan-12,2.9,11.3,36.3,21.9,29.1
Feb-12,2.18,9.4,39.2,23.4,31.3
Mar-12,1.7,0.4,64.5,40.7,52.6
Apr-12,0.88,0,62.8,38,50.4
May-12,2.03,0,78.4,53.3,65.9
Jun-12,0.9,0,84.7,57.5,71.1
Jul-12,3.08,0,90.6,65.5,78
Aug-12,3.56,0,80.3,57.1,68.6
Sep-12,2.21,0,74.4,50.3,62.3
Oct-12,3.1,0.1,61.4,41.1,51.2
Nov-12,0.78,0.5,48.5,27.1,37.8
Dec-12,2.91,5.7,41,28.8,34.9
Jan-13,2.47,0.8,35.8,19.7,27.7
Feb-13,2.22,6.1,33.4,19.4,26.4
Mar-13,1.19,9.1,40.4,24.3,32.4
Apr-13,7.38,0,59.1,34.8,47
May-13,1.36,0,76,51.6,63.8
Jun-13,6.7,0,77.9,58.6,68.2
Jul-13,3.25,0,79.9,60.5,70.2
Aug-13,1.4,0,79.9,57.9,68.9
Sep-13,1.13,0,77,52,64.5
Oct-13,3.43,0,63.3,40.5,51.9
Nov-13,2.57,0.4,45.5,30.4,38
Dec-13,3.35,10.2,32.9,19.4,26.1
Jan-14,2.51,31.4,23.4,6.4,14.9
Feb-14,3.59,21.8,25.8,8.1,16.9
Mar-14,1.06,10.2,38.1,19.1,28.6
Apr-14,4.25,1.3,61.5,36.1,48.8
May-14,4.38,0,71.8,47.9,59.9
Jun-14,4.74,0,79.7,60.2,70
Jul-14,1.34,0,77.1,54.9,66
Aug-14,2.31,0,81.8,60,70.9
Sep-14,4.43,0,73,49.8,61.4
Oct-14,2.74,0,61.4,41,51.2
Nov-14,2.65,2.6,41.8,26.1,33.9
Dec-14,1.49,0,38.5,26.5,32.5
Jan-15,1.72,8.7,27.4,12.8,20.1
Feb-15,1.48,16.7,24.4,5.4,14.9
Mar-15,1.29,5.1,43.6,23.5,33.6
Apr-15,2.85,0,62.9,36.8,49.9
May-15,5.25,0,75.5,52.3,63.9
Jun-15,7.82,0,77,59.9,68.5
Jul-15,4.33,0,78.5,58.9,68.7
Aug-15,3.58,0,78,57.6,67.8
Sep-15,2.43,0,77.5,55.1,66.3
Oct-15,1.67,0,64.6,42.6,53.6
Nov-15,2.04,5,53.9,33.6,43.8
Dec-15,4.15,0,46.9,32.8,39.9
Jan-16,1.36,5.4,32.7,17.6,25.1
Feb-16,1.44,7.5,40,22.2,31.1
Mar-16,3.12,5.2,55,34,44.5
Apr-16,2.96,1.8,60.1,36.6,48.4
May-16,3.43,0,70.7,48.1,59.4
Jun-16,4.96,0,80.2,58.7,69.4
Jul-16,2.58,0,82.7,62.3,72.5
Aug-16,3.42,0,82.2,63.7,73
Sep-16,3.38,0,78.1,56,67.1
Oct-16,3.04,0,67.2,46.3,56.7
Nov-16,3.83,0,55.6,35.5,45.5
Dec-16,2.22,13.9,32.6,18.8,25.7
Jan-17,3.73,0.9,37.4,24.4,30.9
Feb-17,1.91,1.7,48.6,27.6,38.1
Mar-17,3.42,5,46,28.6,37.3
Apr-17,4,0,63.9,42.2,53
May-17,9.75,0,66.4,47.2,56.8
Jun-17,4.13,0,77.5,56.6,67
Jul-17,5.18,0,78.5,59.9,69.2
Aug-17,3.64,0,75.7,54.3,65
Sep-17,3.01,0,74.6,51.3,63.2
Oct-17,3.01,0,65,45.5,55.2
Nov-17,5.33,0.2,47.1,30.5,38.8
Dec-17,0.81,9.8,32.8,17.1,25
Jan-18,1.17,6,31.5,15.8,23.7
Feb-18,5.95,10.4,38.5,20.9,29.7
Mar-18,2.74,1.6,42.6,24.6,33.6
Apr-18,3.74,2,52.4,30.5,41.5
May-18,5.49,0,76,53.2,64.6
Jun-18,5.74,0,76.3,59.6,68
Jul-18,2.74,0,79,60.3,69.7
Aug-18,7.96,0,78.3,60.5,69.4
Sep-18,1.77,0,75.6,55.3,65.4
Oct-18,3.47,0,60.7,42,51.4
Nov-18,4.12,6.2,38.6,28.4,33.5
Dec-18,2.69,0,37.9,24.9,31.4
Jan-19,2.18,16,30.5,14.6,22.5
Feb-19,2.66,5.4,34.4,19.8,27.1
Mar-19,3.48,2.5,42.5,24.8,33.6
Apr-19,5.75,0.8,58.2,37.9,48
May-19,5.92,0,68.2,48.5,58.4
Jun-19,4.26,0,75.7,56.4,66.1
Jul-19,4.99,0,83.4,62.8,73.1
Aug-19,6.35,0,78.9,57.4,68.2
Sep-19,3.91,0,76.5,55.6,66
Oct-19,4.54,0,62.5,41.7,52.1
Nov-19,1.56,5.1,42.1,26.6,34.4
Dec-19,3.29,2,41.3,25.4,33.3
Jan-20,3.68,5.5,37.4,25.2,31.3
Feb-20,2.32,14.7,37,21,29
Mar-20,4.23,3,48.4,31.5,40
Apr-20,3.33,4.4,57.1,34.5,45.8
May-20,4.48,0,67.1,46.4,56.7
Jun-20,1.53,0,80.9,56.8,68.8
Jul-20,1.2,0,86.5,62.3,74.4
Aug-20,3.82,0,81.8,56.8,69.3
Sep-20,1.99,0,73.7,49.7,61.7
Oct-20,2.68,0,60.3,39.6,50
Nov-20,2.6,3.8,58.2,35.6,46.9
Dec-20,1.21,3.2,M,M,M
Jan-21,2.08,10.3,32.7,21.1,26.9
Feb-21,0.92,16.2,29.3,14.3,21.8
Mar-21,3.32,0,58.2,30.7,44.5
Apr-21,2.17,5.3,62.5,37,49.7
May-21,4.64,0.5,68.3,44.2,56.3
Jun-21,7.1,0,81,60.1,70.7
Jul-21,4.38,0,81.3,62.3,71.8
Aug-21,5.33,0,81.9,60.2,71
Sep-21,4.34,0,76.7,55.1,65.9
Oct-21,9.48,0,64.4,48.6,56.5
Nov-21,1.62,2.6,47.7,30.5,39.1
Dec-21,3.53,2.8,43.3,28.9,36.1
Jan-22,0.68,5.2,28.8,12.1,20.5
Feb-22,2.66,15.3,35.5,17,26.2
Mar-22,3.93,0.8,54,29.7,41.9
Apr-22,2.53,0.2,56.3,36.8,46.5
May-22,4.65,0,72.9,51.7,62.3
Jun-22,2.28,0,84.1,60.6,72.3
Jul-22,7.69,0,82.3,62.4,72.4
Aug-22,5.43,0,79.7,59.8,69.8
Sep-22,1.66,0,73.1,52.9,63
Oct-22,2.04,0,62.6,39,50.8
Nov-22,2.17,4.3,51.2,32.2,41.7
Dec-22,1.97,1.5,35.4,23.3,29.3
Jan-23,2.05,8.3,37.1,27.3,32.2
Feb-23,4.92,0,44.7,25.1,34.9
Mar-23,3.64,10.5,45.8,28.6,37.2
Apr-23,2.67,0.3,61.9,37.2,49.5
May-23,2.16,0,71,45.5,58.2
Jun-23,2.49,0,78.3,54.5,66.4
Jul-23,5.87,0,82.5,60.4,71.4
Aug-23,1.81,0,77.4,57,67.2
Sep-23,M,M,M,M,M
